min,Pa
0,0.00400
1,0.00460
2,0.00500
3,0.01000
4,0.01000
5,0.02200
6,0.02650
7,0.04000
8,0.04200
9,0.0500
10,0.0505

